{"contributors":[{"type":"Editor","name":"Francois Michonneau"},{"type":"Editor","name":"Auriel Fournier"}],"creators":[{"name":"Francois Michonneau"},{"name":"Tracy Teal"},{"name":"Adam Obeng"},{"name":"Aleksandra Pawlik"},{"name":"Mateusz Kuzak"},{"name":"Edmund Hart"},{"name":"Kara Woo"},{"name":"Auriel Fournier"},{"name":"Ethan White"},{"name":"Philip Lijnzaad"},{"name":"Hilmar Lapp"},{"name":"Ben Marwick"},{"name":"Karthik Ram"},{"name":"Kari L. Jordan"},{"name":"Matthias Grenié"},{"name":"Harriet Dashnow"},{"name":"Kate Hertweck"},{"name":"Mark Robinson"},{"name":"ashander"},{"name":"Alexey Shiklomanov"},{"name":"K. A. S. Mislan"},{"name":"Steve Pederson"},{"name":"Alex Pletzer"},{"name":"Anne Fouilloux"},{"name":"C. Titus Brown"},{"name":"Christie Bahlai"},{"name":"Francisco Rodriguez-Sanchez"},{"name":"Jaime Ashander"},{"name":"Jarrett Byrnes"},{"name":"Jon"},{"name":"Lisa Breckels"},{"name":"Markus J. Akenbrand"},{"name":"Maëlle Salmon"},{"name":"Meghan Duffy"},{"name":"Shawn Taylor"},{"name":"Stephanie Labou"},{"name":"Thomas Sandmann"},{"name":"Zena Lapp"},{"name":"mondorescue"},{"name":"Achaz von Hardenberg"},{"name":"April Wright"},{"name":"Carolina Johnson"},{"name":"Carolyn Voter"},{"name":"Catherine Hulshof"},{"name":"Clara Shaw"},{"name":"Daijiang Li"},{"name":"Daina Bouquin"},{"name":"Daniel Stubbs"},{"name":"Danielle Quinn"},{"name":"Darya Vanichkina"},{"name":"Dmytro Fishman"},{"name":"Earle Wilson"},{"name":"Eilis Hannon"},{"name":"Elena Sügis"},{"name":"Eli Strauss"},{"name":"Emilia Gan"},{"name":"Erin Becker"},{"name":"Fred Boehm"},{"name":"GMoncrieff"},{"name":"Hao Ye"},{"name":"JSurman"},{"name":"Jeffrey W Hollister"},{"name":"Jieming Chen"},{"name":"Jillian Dunic"},{"name":"Jonathan Keane"},{"name":"Joseph Stachelek"},{"name":"Josh Herr"},{"name":"Karen Cranston"},{"name":"Kathe Todd-Brown"},{"name":"Katie Lotterhos"},{"name":"Kayla Peck"},{"name":"Kenan Direk"},{"name":"Kevin Hall"},{"name":"Kristian Tylén"},{"name":"Kyriakos Chatzidimitriou"},{"name":"Lachlan Deer"},{"name":"Laurent Gatto"},{"name":"Leah Wasser"},{"name":"Leszek Tarkowski"},{"name":"M. Foos"},{"name":"Marco Chiapello"},{"name":"Matthias Grenié"},{"name":"Michael Koontz"},{"name":"Myfanwy Johnston"},{"name":"Nicholas Marino"},{"name":"Nick Carchedi"},{"name":"Olivia Burge"},{"name":"Philip Lijnzaad"},{"name":"Ryan Peek"},{"name":"Sarah Supp"},{"name":"Tara Webster"},{"name":"Taylor Reiter"},{"name":"Will Furnass"},{"name":"Will Pearse"},{"name":"Ye Li"},{"name":"ab604"},{"name":"cengel"},{"name":"sfn_brt"},{"name":"suparee"}]}